GROUP_SET,PLAYER_ID,PLAYER_NAME,NICKNAME,TEAM_ID,TEAM_ABBREVIATION,AGE,GP,W,L,W_PCT,MIN,FGM,FGA,FG_PCT,FG3M,FG3A,FG3_PCT,FTM,FTA,FT_PCT,OREB,DREB,REB,AST,TOV,STL,BLK,BLKA,PF,PFD,PTS,PLUS_MINUS,NBA_FANTASY_PTS,DD2,TD3,WNBA_FANTASY_PTS,GP_RANK,W_RANK,L_RANK,W_PCT_RANK,MIN_RANK,FGM_RANK,FGA_RANK,FG_PCT_RANK,FG3M_RANK,FG3A_RANK,FG3_PCT_RANK,FTM_RANK,FTA_RANK,FT_PCT_RANK,OREB_RANK,DREB_RANK,REB_RANK,AST_RANK,TOV_RANK,STL_RANK,BLK_RANK,BLKA_RANK,PF_RANK,PFD_RANK,PTS_RANK,PLUS_MINUS_RANK,NBA_FANTASY_PTS_RANK,DD2_RANK,TD3_RANK,WNBA_FANTASY_PTS_RANK
Players,1631260,AJ Green,AJ,1610612749,MIL,25.0,1,0,1,0.0,9.9,3.6,3.6,1.0,3.6,3.6,1.0,0.0,0.0,0.0,0.0,0.0,0.0,0.0,0.0,0.0,0.0,0.0,3.6,0.0,10.9,-3.6,10.9,0,0,14.5,100,84,71,84,51,54,88,1,21,53,1,49,51,49,43,69,77,49,45,26,29,31,46,60,59,62,100,40,5,89
Players,203932,Aaron Gordon,Aaron,1610612743,DEN,29.0,8,4,4,0.5,35.135,6.1,9.2,0.667,3.1,4.1,0.75,6.1,6.1,1.0,7.2,4.1,11.3,0.0,1.0,1.0,0.0,1.0,1.0,4.1,21.5,-2.0,37.1,2,0,37.9,18,20,1,44,12,35,63,20,27,51,14,23,31,1,8,50,23,49,38,22,29,23,74,35,28,59,38,12,5,33
Players,1630174,Aaron Nesmith,Aaron,1610612754,IND,25.0,11,9,2,0.818,37.961666666666666,3.8,11.4,0.333,1.9,2.8,0.667,5.7,5.7,1.0,4.7,5.7,10.4,0.0,0.0,1.9,1.9,1.9,6.6,3.8,15.2,21.8,39.1,3,0,35.1,1,1,43,10,7,52,52,50,36,62,18,24,33,1,15,33,27,49,45,17,16,20,29,38,43,26,34,4,5,41
Players,201143,Al Horford,Al,1610612738,BOS,39.0,5,1,4,0.2,20.616666666666667,0.0,1.7,0.0,0.0,1.7,0.0,0.0,0.0,0.0,0.0,8.7,8.7,0.0,0.0,0.0,1.7,0.0,5.2,0.0,0.0,-26.2,15.7,0,0,12.2,26,53,1,81,22,70,91,70,47,68,47,49,51,49,43,17,33,49,45,26,18,31,37,60,80,80,87,40,5,95
Players,1627936,Alex Caruso,Alex,1610612760,OKC,31.0,9,5,4,0.556,24.706666666666667,2.9,4.4,0.667,0.0,0.0,0.0,1.5,2.9,0.5,0.0,7.3,7.3,2.9,2.9,1.5,2.9,0.0,8.7,2.9,7.3,18.9,30.6,0,0,26.2,15,17,1,42,19,63,85,20,47,70,47,48,43,38,43,25,40,35,28,19,10,31,20,49,72,29,53,40,5,57
Players,1630578,Alperen Sengun,Alperen,1610612745,HOU,22.0,3,0,3,0.0,6.371666666666667,5.7,17.0,0.333,0.0,0.0,0.0,0.0,0.0,0.0,0.0,5.7,5.7,11.3,0.0,0.0,0.0,0.0,0.0,0.0,11.3,-67.8,35.0,2,0,28.3,56,84,19,84,71,41,30,50,47,70,47,49,51,49,43,35,56,5,45,26,29,31,77,60,57,109,42,12,5,52
Players,1641708,Amen Thompson,Amen,1610612745,HOU,22.0,3,0,3,0.0,6.398333333333333,0.0,0.0,0.0,0.0,0.0,0.0,0.0,0.0,0.0,0.0,11.3,11.3,0.0,0.0,0.0,0.0,0.0,0.0,0.0,0.0,-56.3,13.5,0,0,11.3,56,84,19,84,69,70,92,70,47,70,47,49,51,49,43,14,25,49,45,26,29,31,77,60,80,101,93,40,5,96
Players,1629614,Andrew Nembhard,Andrew,1610612754,IND,25.0,11,9,2,0.818,38.37166666666667,7.5,13.1,0.571,3.8,5.6,0.667,2.8,2.8,1.0,0.0,0.9,0.9,2.8,0.9,2.8,0.9,0.9,1.9,2.8,21.6,16.9,37.2,1,0,36.6,1,1,43,10,6,26,42,26,20,43,18,38,44,1,43,68,75,36,41,11,25,26,67,50,27,33,37,21,5,35
Players,1630162,Anthony Edwards,Anthony,1610612750,MIN,23.0,5,4,1,0.8,17.388333333333332,8.3,16.6,0.5,4.1,10.4,0.4,12.4,14.5,0.857,2.1,4.1,6.2,10.4,0.0,0.0,2.1,0.0,2.1,8.3,33.1,45.5,62.3,1,0,58.0,26,20,71,14,31,23,32,29,17,22,29,7,10,29,29,46,50,7,45,26,13,31,62,15,16,16,12,21,5,15
Players,1641709,Ausar Thompson,Ausar,1610612765,DET,22.0,4,1,3,0.25,6.871666666666667,10.5,10.5,1.0,0.0,0.0,0.0,5.2,10.5,0.5,0.0,0.0,0.0,0.0,0.0,10.5,5.2,0.0,15.7,5.2,26.2,0.0,73.3,0,0,57.6,39,53,19,75,64,18,58,1,47,70,47,27,15,38,43,69,77,49,45,1,5,31,10,28,23,46,8,40,5,16
Players,1630559,Austin Reaves,Austin,1610612747,LAL,27.0,3,0,3,0.0,10.5,3.4,13.7,0.25,3.4,13.7,0.25,0.0,3.4,0.0,0.0,10.3,10.3,3.4,0.0,0.0,0.0,0.0,3.4,3.4,10.3,-68.6,27.8,0,0,27.4,56,84,19,84,45,58,39,60,23,15,40,49,40,49,43,15,29,31,45,26,29,31,50,45,63,110,59,40,5,55
Players,1628389,Bam Adebayo,Bam,1610612748,MIA,27.0,1,0,1,0.0,4.155,8.7,8.7,1.0,0.0,0.0,0.0,0.0,0.0,0.0,0.0,0.0,0.0,0.0,0.0,0.0,0.0,0.0,8.7,0.0,17.3,-60.6,17.3,1,0,17.3,100,84,71,84,85,21,66,1,47,70,47,49,51,49,43,69,77,49,45,26,29,31,21,60,39,102,82,21,5,79
Players,1641767,Ben Sheppard,Ben,1610612754,IND,23.0,4,3,1,0.75,0.9016666666666666,0.0,0.0,0.0,0.0,0.0,0.0,0.0,0.0,0.0,0.0,0.0,0.0,0.0,0.0,0.0,0.0,0.0,39.9,0.0,0.0,119.8,0.0,0,0,0.0,39,29,71,19,114,70,92,70,47,70,47,49,51,49,43,69,77,49,45,26,29,31,5,60,80,6,107,40,5,107
Players,1631097,Bennedict Mathurin,Bennedict,1610612754,IND,23.0,1,0,1,0.0,0.615,0.0,0.0,0.0,0.0,0.0,0.0,58.5,234.1,0.25,0.0,0.0,0.0,0.0,0.0,0.0,0.0,0.0,117.1,117.1,58.5,-117.1,58.5,0,0,58.5,100,84,71,84,119,70,92,70,47,70,47,1,1,48,43,69,77,49,45,26,29,31,3,1,4,119,14,40,5,13
Players,1626171,Bobby Portis,Bobby,1610612749,MIL,30.0,2,0,2,0.0,12.166666666666666,0.0,5.9,0.0,0.0,3.0,0.0,0.0,0.0,0.0,3.0,0.0,3.0,3.0,0.0,0.0,0.0,3.0,3.0,0.0,0.0,-11.8,8.0,2,0,5.9,76,84,43,84,42,70,78,70,47,59,47,49,51,49,23,69,69,34,45,26,29,12,53,60,80,68,102,12,5,105
Players,203992,Bogdan Bogdanović,Bogdan,1610612746,LAC,32.0,3,1,2,0.333,2.598333333333333,13.9,13.9,1.0,0.0,0.0,0.0,0.0,0.0,0.0,13.9,0.0,13.9,0.0,0.0,0.0,0.0,0.0,13.9,0.0,27.7,41.6,44.3,0,0,41.6,56,53,43,70,99,10,38,1,47,70,47,49,51,49,3,69,16,49,45,26,29,31,11,60,20,19,25,40,5,30
Players,1641764,Brandin Podziemski,Brandin,1610612744,GSW,22.0,4,3,1,0.75,10.021666666666667,0.0,7.2,0.0,0.0,7.2,0.0,0.0,0.0,0.0,3.6,3.6,7.2,7.2,0.0,0.0,3.6,0.0,0.0,0.0,0.0,10.8,30.2,0,0,21.6,39,29,71,19,50,70,71,70,47,32,47,49,51,49,19,54,42,17,45,26,8,31,77,60,80,40,55,40,5,67
Players,1627741,Buddy Hield,Buddy,1610612744,GSW,32.0,3,2,1,0.667,9.355,3.8,19.2,0.2,3.8,11.5,0.333,0.0,0.0,0.0,0.0,0.0,0.0,0.0,0.0,0.0,0.0,0.0,0.0,3.8,11.5,0.0,11.5,0,0,15.4,56,38,71,27,54,51,22,65,19,17,30,49,51,49,43,69,77,49,45,26,29,31,77,37,53,46,96,40,5,87
Players,1630595,Cade Cunningham,Cade,1610612765,DET,23.0,5,2,3,0.4,21.585,6.7,20.0,0.333,1.7,1.7,1.0,6.7,6.7,1.0,0.0,5.0,5.0,10.0,5.0,0.0,1.7,1.7,0.0,6.7,21.7,-13.3,42.7,3,1,41.7,26,38,19,64,20,33,19,50,39,69,1,21,29,1,43,40,58,9,16,26,20,21,77,17,26,73,27,4,1,29
Players,1626166,Cameron Payne,Cameron,1610612752,NYK,30.0,1,0,1,0.0,1.39,0.0,0.0,0.0,0.0,0.0,0.0,0.0,0.0,0.0,0.0,0.0,0.0,0.0,0.0,0.0,0.0,0.0,0.0,0.0,0.0,-155.4,0.0,0,0,0.0,100,84,71,84,112,70,92,70,47,70,47,49,51,49,43,69,77,49,45,26,29,31,77,60,80,123,107,40,5,107
Players,1641717,Cason Wallace,Cason,1610612760,OKC,21.0,6,4,2,0.667,2.52,0.0,0.0,0.0,0.0,0.0,0.0,0.0,0.0,0.0,0.0,0.0,0.0,0.0,0.0,0.0,0.0,0.0,0.0,0.0,0.0,-128.6,0.0,0,0,0.0,23,20,43,27,100,70,92,70,47,70,47,49,51,49,43,69,77,49,45,26,29,31,77,60,80,120,107,40,5,107
Players,1631096,Chet Holmgren,Chet,1610612760,OKC,23.0,10,6,4,0.6,30.135,2.4,7.2,0.333,1.2,3.6,0.333,4.8,7.2,0.667,1.2,8.4,9.6,2.4,0.0,1.2,6.0,0.0,4.8,3.6,10.8,40.6,47.3,3,0,38.2,9,10,1,37,18,66,72,50,41,55,30,30,24,35,37,20,31,40,45,20,3,31,39,39,60,20,23,4,5,32
Players,1631128,Christian Braun,Christian,1610612743,DEN,24.0,8,4,4,0.5,34.85166666666667,1.0,5.2,0.2,1.0,5.2,0.2,0.0,0.0,0.0,0.0,4.1,4.1,0.0,0.0,0.0,1.0,0.0,6.2,0.0,3.1,-3.1,11.2,1,0,10.3,18,20,1,44,15,69,83,65,43,47,43,49,51,49,43,47,63,49,45,26,21,31,30,60,79,61,97,21,5,100
Players,202709,Cory Joseph,Cory,1610612753,ORL,33.0,2,1,1,0.5,2.8583333333333334,0.0,0.0,0.0,0.0,0.0,0.0,0.0,0.0,0.0,0.0,0.0,0.0,0.0,0.0,0.0,0.0,0.0,0.0,0.0,0.0,-25.2,0.0,0,0,0.0,76,53,71,44,97,70,92,70,47,70,47,49,51,49,43,69,77,49,45,26,29,31,77,60,80,78,107,40,5,107
Players,203081,Damian Lillard,Damian,1610612749,MIL,34.0,1,0,1,0.0,2.2666666666666666,15.9,15.9,1.0,15.9,15.9,1.0,0.0,0.0,0.0,0.0,0.0,0.0,0.0,0.0,0.0,0.0,0.0,0.0,0.0,47.6,-47.6,47.6,0,0,63.5,100,84,71,84,101,5,34,1,3,10,1,49,51,49,43,69,77,49,45,26,29,31,77,60,6,96,22,40,5,8
Players,1629636,Darius Garland,Darius,1610612739,CLE,25.0,2,1,1,0.5,5.155,0.0,7.0,0.0,0.0,0.0,0.0,0.0,0.0,0.0,0.0,0.0,0.0,0.0,0.0,0.0,0.0,0.0,7.0,0.0,0.0,-7.0,0.0,0,0,0.0,76,53,71,44,82,70,75,70,47,70,47,49,51,49,43,69,77,49,45,26,29,31,25,60,80,65,107,40,5,107
Players,1630558,Davion Mitchell,Davion,1610612748,MIA,26.0,1,0,1,0.0,4.155,0.0,0.0,0.0,0.0,0.0,0.0,0.0,0.0,0.0,0.0,0.0,0.0,8.7,0.0,0.0,0.0,0.0,0.0,0.0,0.0,-60.6,13.0,0,0,8.7,100,84,71,84,85,70,92,70,47,70,47,49,51,49,43,69,77,13,45,26,29,31,77,60,80,102,94,40,5,102
Players,1629631,De'Andre Hunter,De'Andre,1610612739,CLE,27.0,3,1,2,0.333,1.9166666666666667,0.0,0.0,0.0,0.0,0.0,0.0,0.0,0.0,0.0,0.0,0.0,0.0,0.0,0.0,0.0,0.0,0.0,0.0,0.0,0.0,-150.3,0.0,0,0,0.0,56,53,43,70,105,70,92,70,47,70,47,49,51,49,43,69,77,49,45,26,29,31,77,60,80,121,107,40,5,107
Players,1629731,Dean Wade,Dean,1610612739,CLE,28.0,1,0,1,0.0,1.64,0.0,0.0,0.0,0.0,0.0,0.0,0.0,0.0,0.0,0.0,22.0,22.0,0.0,0.0,0.0,0.0,0.0,0.0,0.0,0.0,153.7,26.3,0,0,22.0,100,84,71,84,110,70,92,70,47,70,47,49,51,49,43,5,5,49,45,26,29,31,77,60,80,3,63,40,5,65
Players,203471,Dennis Schröder,Dennis,1610612765,DET,31.0,5,2,3,0.4,16.865,4.3,4.3,1.0,2.1,2.1,1.0,4.3,8.5,0.5,0.0,0.0,0.0,4.3,0.0,0.0,0.0,0.0,4.3,6.4,14.9,-23.5,21.3,0,0,21.3,26,38,19,64,32,48,86,1,32,65,1,31,22,38,43,69,77,27,45,26,29,31,41,19,45,77,72,40,5,70
Players,1627884,Derrick Jones Jr.,Derrick,1610612746,LAC,28.0,2,1,1,0.5,2.973333333333333,0.0,12.1,0.0,0.0,0.0,0.0,0.0,0.0,0.0,0.0,0.0,0.0,0.0,0.0,0.0,0.0,0.0,0.0,0.0,0.0,-36.3,0.0,0,0,0.0,76,53,71,44,95,70,48,70,47,70,47,49,51,49,43,69,77,49,45,26,29,31,77,60,80,90,107,40,5,107
Players,1628401,Derrick White,Derrick,1610612738,BOS,30.0,5,1,4,0.2,20.325,5.3,12.4,0.429,1.8,5.3,0.333,0.0,0.0,0.0,3.5,3.5,7.1,0.0,0.0,0.0,0.0,0.0,1.8,3.5,12.4,-26.6,20.9,1,0,21.3,26,53,1,81,24,43,47,44,38,46,30,49,51,49,20,57,43,49,45,26,29,31,69,42,51,82,74,21,5,71
Players,1630217,Desmond Bane,Desmond,1610612753,ORL,27.0,2,0,2,0.0,6.925,5.2,20.8,0.25,5.2,15.6,0.333,5.2,10.4,0.5,0.0,0.0,0.0,10.4,5.2,0.0,0.0,0.0,0.0,10.4,20.8,-26.0,31.2,0,0,36.4,76,84,43,84,63,44,17,60,14,12,30,28,16,38,43,69,77,6,13,26,29,31,77,9,31,79,50,40,5,36
Players,1628415,Dillon Brooks,Dillon,1610612745,HOU,29.0,3,0,3,0.0,6.566666666666666,0.0,5.5,0.0,0.0,0.0,0.0,11.0,11.0,1.0,0.0,0.0,0.0,0.0,0.0,0.0,0.0,5.5,11.0,5.5,11.0,-54.8,11.0,0,0,11.0,56,84,19,84,68,70,80,70,47,70,47,10,13,1,43,69,77,49,45,26,29,6,15,25,58,100,99,40,5,98
Players,1628378,Donovan Mitchell,Donovan,1610612739,CLE,28.0,4,1,3,0.25,7.3533333333333335,29.4,34.3,0.857,9.8,9.8,1.0,9.8,9.8,1.0,0.0,0.0,0.0,9.8,4.9,0.0,0.0,0.0,9.8,9.8,78.3,19.6,88.1,0,0,97.9,39,53,19,75,58,3,7,14,8,24,1,14,18,1,43,69,77,10,17,26,29,31,18,13,3,28,5,40,5,4
Players,1628978,Donte DiVincenzo,Donte,1610612750,MIN,28.0,4,3,1,0.75,14.075,2.6,10.2,0.25,0.0,0.0,0.0,2.6,2.6,1.0,0.0,2.6,2.6,0.0,0.0,0.0,0.0,2.6,2.6,2.6,7.7,38.4,10.7,0,0,10.2,39,29,71,19,39,64,60,60,47,70,47,39,45,1,43,61,72,49,45,26,29,15,57,51,71,21,101,40,5,101
Players,1627827,Dorian Finney-Smith,Dorian,1610612747,LAL,32.0,2,0,2,0.0,7.333333333333333,4.9,4.9,1.0,4.9,4.9,1.0,0.0,0.0,0.0,0.0,4.9,4.9,0.0,0.0,0.0,0.0,0.0,0.0,0.0,14.7,-68.7,20.6,0,0,24.5,76,84,43,84,60,47,84,1,16,49,1,49,51,49,43,41,59,49,45,26,29,31,77,60,47,114,76,40,5,61
Players,203110,Draymond Green,Draymond,1610612744,GSW,35.0,4,3,1,0.75,6.683333333333334,0.0,0.0,0.0,0.0,0.0,0.0,0.0,0.0,0.0,0.0,16.2,16.2,5.4,5.4,0.0,5.4,0.0,10.8,5.4,0.0,53.9,38.2,0,0,32.3,39,29,71,19,67,70,92,70,47,70,47,49,51,49,43,8,11,21,11,26,4,31,16,26,80,14,36,40,5,46
Players,1630596,Evan Mobley,Evan,1610612739,CLE,24.0,3,1,2,0.333,5.4383333333333335,0.0,0.0,0.0,0.0,0.0,0.0,6.6,6.6,1.0,0.0,6.6,6.6,0.0,0.0,0.0,0.0,0.0,0.0,6.6,6.6,-13.2,14.6,2,0,13.2,56,53,43,70,80,70,92,70,47,70,47,22,30,1,43,29,46,49,45,26,29,31,77,18,75,72,91,12,5,92
Players,1630532,Franz Wagner,Franz,1610612753,ORL,23.0,2,1,1,0.5,6.35,11.3,39.7,0.286,0.0,17.0,0.0,0.0,0.0,0.0,0.0,0.0,0.0,0.0,0.0,0.0,0.0,5.7,5.7,0.0,22.7,-28.3,22.7,0,0,22.7,76,53,71,44,72,15,4,57,47,8,47,49,51,49,43,69,77,49,45,26,29,5,33,60,25,84,69,40,5,64
Players,1627832,Fred VanVleet,Fred,1610612745,HOU,31.0,3,0,3,0.0,6.833333333333333,10.5,21.1,0.5,10.5,15.8,0.667,0.0,0.0,0.0,0.0,0.0,0.0,0.0,0.0,0.0,0.0,5.3,0.0,0.0,31.6,-63.2,31.6,0,0,42.1,56,84,19,84,65,17,15,29,7,11,18,49,51,49,43,69,77,49,45,26,29,8,77,60,18,107,49,40,5,28
Players,1629216,Gabe Vincent,Gabe,1610612747,LAL,29.0,1,0,1,0.0,1.4166666666666667,0.0,0.0,0.0,0.0,0.0,0.0,0.0,0.0,0.0,0.0,0.0,0.0,0.0,0.0,0.0,0.0,0.0,0.0,0.0,0.0,-101.6,0.0,0,0,0.0,100,84,71,84,111,70,92,70,47,70,47,49,51,49,43,69,77,49,45,26,29,31,77,60,80,118,107,40,5,107
Players,203914,Gary Harris,Gary,1610612753,ORL,30.0,1,1,0,1.0,3.486666666666667,0.0,0.0,0.0,0.0,0.0,0.0,0.0,0.0,0.0,0.0,0.0,0.0,0.0,0.0,10.3,0.0,0.0,0.0,0.0,0.0,-31.0,31.0,0,0,20.7,100,53,124,1,92,70,92,70,47,70,47,49,51,49,43,69,77,49,45,2,29,31,77,60,80,88,51,40,5,73
Players,1627780,Gary Payton II,Gary,1610612744,GSW,32.0,3,2,1,0.667,2.05,52.7,52.7,1.0,17.6,17.6,1.0,0.0,0.0,0.0,17.6,0.0,17.6,0.0,0.0,0.0,0.0,0.0,17.6,0.0,122.9,87.8,144.0,0,0,158.0,56,38,71,27,104,2,3,1,2,6,1,49,51,49,1,69,8,49,45,26,29,31,9,60,2,10,3,40,5,3
Players,1629018,Gary Trent Jr.,Gary,1610612749,MIL,26.0,2,0,2,0.0,12.166666666666666,14.8,23.7,0.625,14.8,20.7,0.714,0.0,0.0,0.0,0.0,3.0,3.0,0.0,5.9,0.0,0.0,3.0,3.0,0.0,44.4,-11.8,42.0,0,0,62.1,76,84,43,84,42,6,12,25,4,4,17,49,51,49,43,60,69,49,9,26,29,12,53,60,9,68,30,40,5,9
Players,203507,Giannis Antetokounmpo,Giannis,1610612749,MIL,30.0,2,0,2,0.0,12.166666666666666,5.9,17.8,0.333,0.0,3.0,0.0,3.0,8.9,0.333,3.0,17.8,20.7,8.9,3.0,0.0,3.0,0.0,3.0,5.9,14.8,-11.8,58.9,2,1,50.3,76,84,43,84,42,37,25,50,47,59,47,37,20,46,23,7,6,12,27,26,9,31,53,22,46,68,13,12,1,20
Players,1629312,Haywood Highsmith,Haywood,1610612748,MIA,28.0,1,0,1,0.0,4.155,0.0,0.0,0.0,0.0,0.0,0.0,0.0,0.0,0.0,0.0,0.0,0.0,0.0,0.0,0.0,0.0,0.0,8.7,0.0,0.0,-60.6,0.0,0,0,0.0,100,84,71,84,85,70,92,70,47,70,47,49,51,49,43,69,77,49,45,26,29,31,21,60,80,102,107,40,5,107
Players,1630171,Isaac Okoro,Isaac,1610612739,CLE,24.0,1,0,1,0.0,1.6733333333333333,0.0,0.0,0.0,0.0,0.0,0.0,21.5,21.5,1.0,0.0,0.0,0.0,0.0,0.0,0.0,0.0,0.0,0.0,21.5,21.5,150.6,21.5,0,0,21.5,100,84,71,84,109,70,92,70,47,70,47,2,2,1,43,69,77,49,45,26,29,31,77,3,29,4,71,40,5,68
Players,1628392,Isaiah Hartenstein,Isaiah,1610612760,OKC,27.0,8,6,2,0.75,17.46,4.1,8.2,0.5,0.0,0.0,0.0,2.1,2.1,1.0,4.1,4.1,8.2,0.0,0.0,0.0,0.0,0.0,2.1,2.1,10.3,4.1,20.2,2,0,18.6,18,10,43,19,30,49,69,29,47,70,47,42,46,1,18,48,36,49,45,26,29,31,63,54,62,43,77,12,5,75
Players,1627826,Ivica Zubac,Ivica,1610612746,LAC,28.0,4,2,2,0.5,18.42,5.9,5.9,1.0,0.0,0.0,0.0,0.0,2.0,0.0,2.0,3.9,5.9,0.0,0.0,2.0,3.9,0.0,5.9,3.9,11.7,-5.9,36.4,3,0,29.3,39,38,43,44,29,38,79,1,47,70,47,49,48,49,31,52,53,49,45,15,7,31,32,36,52,64,41,4,5,49
Players,1631095,Jabari Smith Jr.,Jabari,1610612745,HOU,22.0,2,0,2,0.0,3.1966666666666668,0.0,11.3,0.0,0.0,11.3,0.0,0.0,0.0,0.0,0.0,0.0,0.0,0.0,11.3,0.0,0.0,0.0,11.3,0.0,0.0,-90.1,-11.3,0,0,0.0,76,84,43,84,94,70,55,70,47,19,47,49,51,49,43,69,77,49,5,26,29,31,14,60,80,116,130,40,5,107
Players,1630183,Jaden McDaniels,Jaden,1610612750,MIN,24.0,5,4,1,0.8,14.873333333333333,9.7,14.5,0.667,7.3,9.7,0.75,7.3,7.3,1.0,0.0,12.1,12.1,2.4,2.4,4.8,0.0,2.4,2.4,4.8,33.9,36.3,64.1,1,0,65.4,26,20,71,14,37,19,36,20,10,25,14,17,23,1,43,12,21,38,29,5,29,18,59,30,15,22,11,21,5,7
Players,1628973,Jalen Brunson,Jalen,1610612752,NYK,28.0,11,7,4,0.636,42.725,14.3,36.2,0.395,3.4,12.6,0.267,15.2,17.7,0.857,0.8,0.0,0.8,5.1,4.2,0.0,0.0,2.5,4.2,10.1,47.2,31.2,51.6,3,0,56.5,1,6,1,33,5,8,5,48,26,16,39,6,5,29,41,69,76,25,19,26,29,16,42,11,7,23,19,4,5,18
Players,1631105,Jalen Duren,Jalen,1610612765,DET,21.0,5,2,3,0.4,20.93,6.9,8.6,0.8,0.0,0.0,0.0,5.2,6.9,0.75,3.4,13.8,17.2,1.7,5.2,0.0,0.0,0.0,1.7,3.4,18.9,-20.6,37.0,1,0,37.8,26,38,19,64,21,30,67,15,47,70,47,29,25,32,21,9,9,45,15,26,29,31,70,44,36,75,39,21,5,34
Players,1630224,Jalen Green,Jalen,1610612745,HOU,23.0,3,0,3,0.0,1.8666666666666667,0.0,0.0,0.0,0.0,0.0,0.0,0.0,0.0,0.0,0.0,0.0,0.0,0.0,0.0,0.0,0.0,0.0,0.0,0.0,0.0,-154.3,0.0,0,0,0.0,56,84,19,84,107,70,92,70,47,70,47,49,51,49,43,69,77,49,45,26,29,31,77,60,80,122,107,40,5,107
Players,1631114,Jalen Williams,Jalen,1610612760,OKC,24.0,10,6,4,0.6,35.748333333333335,8.1,18.1,0.444,4.0,7.0,0.571,7.0,9.1,0.778,1.0,5.0,6.0,2.0,1.0,1.0,1.0,1.0,1.0,6.0,27.2,15.1,42.5,0,0,43.3,9,10,1,37,10,24,24,43,18,34,23,18,19,31,39,39,51,43,39,23,23,25,75,21,21,35,28,40,5,27
Players,1627750,Jamal Murray,Jamal,1610612743,DEN,28.0,8,4,4,0.5,35.035,4.1,14.4,0.286,1.0,6.2,0.167,2.1,2.1,1.0,0.0,4.1,4.1,3.1,2.1,1.0,0.0,5.1,1.0,2.1,11.3,0.0,21.9,0,0,21.6,18,20,1,44,14,50,37,57,44,41,44,43,47,1,43,49,64,33,33,21,29,9,73,55,56,46,70,40,5,66
Players,201935,James Harden,James,1610612746,LAC,35.0,4,2,2,0.5,18.628333333333334,7.7,11.6,0.667,1.9,1.9,1.0,3.9,3.9,1.0,0.0,1.9,1.9,5.8,5.8,0.0,1.9,0.0,1.9,1.9,21.3,-1.9,32.3,2,0,34.8,39,38,43,44,27,25,50,20,35,66,1,34,37,1,43,67,74,20,10,26,14,31,65,57,30,57,47,12,5,42
Players,1641716,Jarace Walker,Jarace,1610612754,IND,21.0,1,1,0,1.0,0.365,0.0,0.0,0.0,0.0,0.0,0.0,0.0,0.0,0.0,0.0,0.0,0.0,0.0,0.0,0.0,0.0,0.0,0.0,0.0,0.0,295.9,0.0,0,0,0.0,100,53,124,1,121,70,92,70,47,70,47,49,51,49,43,69,77,49,45,26,29,31,77,60,80,2,107,40,5,107
Players,1628991,Jaren Jackson Jr.,Jaren,1610612763,MEM,25.0,2,0,2,0.0,5.975,0.0,12.1,0.0,0.0,0.0,0.0,0.0,0.0,0.0,0.0,6.0,6.0,0.0,0.0,0.0,0.0,6.0,6.0,0.0,0.0,-48.2,7.2,0,0,6.0,76,84,43,84,77,70,49,70,47,70,47,49,51,49,43,31,52,49,45,26,29,4,31,60,80,98,104,40,5,104
Players,1628386,Jarrett Allen,Jarrett,1610612739,CLE,27.0,4,1,3,0.25,7.976666666666667,0.0,0.0,0.0,0.0,0.0,0.0,0.0,0.0,0.0,0.0,0.0,0.0,0.0,0.0,4.5,4.5,0.0,0.0,0.0,0.0,13.5,27.1,1,0,18.1,39,53,19,75,57,70,92,70,47,70,47,49,51,49,43,69,77,49,45,6,6,31,77,60,80,37,60,21,5,76
Players,1630643,Jay Huff,Jay,1610612763,MEM,27.0,1,0,1,0.0,0.018333333333333333,0.0,0.0,0.0,0.0,0.0,0.0,0.0,0.0,0.0,0.0,0.0,0.0,0.0,0.0,0.0,0.0,0.0,0.0,0.0,0.0,-1963.6,0.0,0,0,0.0,100,84,71,84,127,70,92,70,47,70,47,49,51,49,43,69,77,49,45,26,29,31,77,60,80,129,107,40,5,107
Players,1627759,Jaylen Brown,Jaylen,1610612738,BOS,28.0,4,1,3,0.25,15.94,0.0,11.3,0.0,0.0,4.5,0.0,6.8,6.8,1.0,0.0,4.5,4.5,2.3,4.5,0.0,0.0,0.0,4.5,4.5,6.8,-27.1,11.1,1,0,13.6,39,53,19,75,35,70,54,70,47,50,47,20,27,1,43,44,61,41,18,26,29,31,40,33,74,83,98,21,5,90
Players,1631119,Jaylin Williams,Jaylin,1610612760,OKC,22.0,4,3,1,0.75,0.6183333333333333,0.0,0.0,0.0,0.0,0.0,0.0,0.0,0.0,0.0,0.0,0.0,0.0,58.2,0.0,0.0,0.0,0.0,0.0,0.0,0.0,116.4,87.3,0,0,58.2,39,29,71,19,118,70,92,70,47,70,47,49,51,49,43,69,77,1,45,26,29,31,77,60,80,7,6,40,5,14
Players,1628369,Jayson Tatum,Jayson,1610612738,BOS,27.0,5,1,4,0.2,20.616666666666667,3.5,21.0,0.167,0.0,8.7,0.0,12.2,12.2,1.0,0.0,7.0,7.0,1.7,1.7,0.0,1.7,0.0,3.5,3.5,19.2,-26.2,33.7,3,0,31.4,26,53,1,81,22,57,16,69,47,28,47,8,11,1,43,27,44,44,36,26,18,31,49,43,34,80,45,4,5,47
Players,202710,Jimmy Butler III,Jimmy,1610612744,GSW,35.0,3,2,1,0.667,8.688333333333333,8.3,20.7,0.4,0.0,0.0,0.0,20.7,20.7,1.0,4.1,8.3,12.4,0.0,0.0,0.0,0.0,4.1,0.0,12.4,37.3,-8.3,52.2,0,0,49.7,56,38,71,27,56,22,18,47,47,70,47,3,3,1,17,21,20,49,45,26,29,11,77,7,11,67,18,40,5,21
Players,1629723,John Konchar,John,1610612763,MEM,29.0,2,0,2,0.0,0.6733333333333333,0.0,53.5,0.0,0.0,53.5,0.0,0.0,0.0,0.0,0.0,0.0,0.0,53.5,0.0,0.0,0.0,0.0,0.0,0.0,0.0,0.0,80.2,0,0,53.5,76,84,43,84,117,70,2,70,47,2,47,49,51,49,43,69,77,2,45,26,29,31,77,60,80,46,7,40,5,19
Players,1628371,Jonathan Isaac,Jonathan,1610612753,ORL,27.0,1,1,0,1.0,0.005,0.0,0.0,0.0,0.0,0.0,0.0,0.0,0.0,0.0,0.0,0.0,0.0,0.0,0.0,0.0,0.0,0.0,0.0,0.0,0.0,0.0,0.0,0,0,0.0,100,53,124,1,131,70,92,70,47,70,47,49,51,49,43,69,77,49,45,26,29,31,77,60,80,46,107,40,5,107
Players,1630228,Jonathan Kuminga,Jonathan,1610612744,GSW,22.0,1,0,1,0.0,3.2883333333333336,0.0,21.9,0.0,0.0,0.0,0.0,0.0,0.0,0.0,0.0,0.0,0.0,0.0,0.0,0.0,0.0,10.9,0.0,0.0,0.0,-98.5,0.0,0,0,0.0,100,84,71,84,93,70,13,70,47,70,47,49,51,49,43,69,77,49,45,26,29,2,77,60,80,117,107,40,5,107
Players,1628404,Josh Hart,Josh,1610612752,NYK,30.0,10,6,4,0.6,45.89666666666667,2.4,7.1,0.333,0.0,2.4,0.0,3.9,3.9,1.0,1.6,7.1,8.6,3.9,0.8,0.8,0.0,0.8,1.6,2.4,8.6,16.5,26.4,3,0,22.7,9,10,1,37,3,67,74,50,47,63,47,33,36,1,35,26,35,28,42,25,29,28,71,53,69,34,62,4,5,63
Players,201950,Jrue Holiday,Jrue,1610612738,BOS,35.0,3,0,3,0.0,14.266666666666667,2.5,10.1,0.25,0.0,5.0,0.0,0.0,0.0,0.0,5.0,2.5,7.6,2.5,0.0,0.0,0.0,2.5,2.5,0.0,5.0,-50.5,17.9,0,0,15.1,56,84,19,84,38,65,61,60,47,48,47,49,51,49,14,62,38,37,45,26,29,17,58,60,77,99,80,40,5,88
Players,203944,Julius Randle,Julius,1610612750,MIN,30.0,5,4,1,0.8,13.935,5.2,5.2,1.0,0.0,0.0,0.0,0.0,0.0,0.0,2.6,12.9,15.5,10.3,5.2,0.0,0.0,0.0,2.6,5.2,10.3,77.5,39.3,1,1,36.2,26,20,71,14,40,46,81,1,47,70,47,49,51,49,25,10,13,8,14,26,29,31,56,29,61,12,33,21,1,37
Players,1626157,Karl-Anthony Towns,Karl-Anthony,1610612752,NYK,29.0,10,6,4,0.6,42.87833333333333,6.7,9.2,0.727,2.5,3.4,0.75,4.2,5.9,0.714,4.2,8.4,12.6,0.0,3.4,1.7,0.8,0.8,6.7,3.4,20.2,21.8,39.5,6,0,40.3,9,10,1,37,4,32,62,19,29,57,14,32,32,34,16,19,19,49,25,18,26,27,28,48,33,25,32,2,5,31
Players,202695,Kawhi Leonard,Kawhi,1610612746,LAC,33.0,4,2,2,0.5,18.628333333333334,5.8,13.5,0.429,0.0,7.7,0.0,1.9,1.9,1.0,1.9,7.7,9.7,3.9,3.9,3.9,0.0,0.0,1.9,5.8,13.5,-1.9,38.7,1,0,34.8,39,38,43,44,27,39,41,44,47,31,47,45,49,1,32,23,30,29,21,7,29,31,65,23,48,57,35,21,5,42
Players,1629026,Kenrich Williams,Kenrich,1610612760,OKC,30.0,1,1,0,1.0,0.043333333333333335,0.0,0.0,0.0,0.0,0.0,0.0,0.0,0.0,0.0,0.0,0.0,0.0,0.0,0.0,0.0,0.0,0.0,0.0,0.0,0.0,-830.8,0.0,0,0,0.0,100,53,124,1,126,70,92,70,47,70,47,49,51,49,43,69,77,49,45,26,29,31,77,60,80,128,107,40,5,107
Players,203484,Kentavious Caldwell-Pope,Kentavious,1610612763,MEM,32.0,2,1,1,0.5,6.35,0.0,0.0,0.0,0.0,0.0,0.0,5.7,5.7,1.0,0.0,0.0,0.0,0.0,0.0,0.0,0.0,0.0,5.7,0.0,5.7,-28.3,5.7,0,0,5.7,76,53,71,44,72,70,92,70,47,70,47,25,34,1,43,69,77,49,45,26,29,31,33,60,76,84,106,40,5,106
Players,1629645,Kevin Porter Jr.,Kevin,1610612749,MIL,25.0,1,0,1,0.0,9.9,0.0,7.3,0.0,0.0,3.6,0.0,0.0,0.0,0.0,0.0,0.0,0.0,7.3,3.6,0.0,0.0,0.0,0.0,0.0,0.0,-3.6,7.3,0,0,7.3,100,84,71,84,51,70,70,70,47,53,47,49,51,49,43,69,77,16,22,26,29,31,77,60,80,62,103,40,5,103
Players,1626172,Kevon Looney,Kevon,1610612744,GSW,29.0,2,1,1,0.5,3.8666666666666667,0.0,0.0,0.0,0.0,0.0,0.0,18.6,18.6,1.0,9.3,0.0,9.3,0.0,0.0,0.0,0.0,0.0,27.9,9.3,18.6,-65.2,29.8,0,0,27.9,76,53,71,44,90,70,92,70,47,70,47,4,4,1,6,69,32,49,45,26,29,31,6,14,37,108,56,40,5,54
Players,1627739,Kris Dunn,Kris,1610612746,LAC,31.0,2,1,1,0.5,12.875,0.0,8.4,0.0,0.0,5.6,0.0,0.0,0.0,0.0,0.0,0.0,0.0,0.0,0.0,5.6,0.0,0.0,5.6,0.0,0.0,-22.4,16.8,0,0,11.2,76,53,71,44,41,70,68,70,47,44,47,49,51,49,43,69,77,49,45,4,29,31,36,60,80,76,84,40,5,97
Players,204001,Kristaps Porziņģis,Kristaps,1610612738,BOS,29.0,3,1,2,0.333,6.39,5.6,16.9,0.333,0.0,0.0,0.0,5.6,16.9,0.333,5.6,5.6,11.3,0.0,0.0,0.0,0.0,0.0,0.0,16.9,16.9,16.9,30.4,0,0,28.2,56,53,43,70,70,42,31,50,47,70,47,26,7,46,12,36,24,49,45,26,29,31,77,5,40,32,54,40,5,53
Players,1628398,Kyle Kuzma,Kyle,1610612749,MIL,29.0,1,0,1,0.0,2.2666666666666666,0.0,0.0,0.0,0.0,0.0,0.0,0.0,0.0,0.0,15.9,0.0,15.9,0.0,0.0,0.0,0.0,0.0,0.0,0.0,0.0,-47.6,19.1,0,0,15.9,100,84,71,84,101,70,92,70,47,70,47,49,51,49,2,69,12,49,45,26,29,31,77,60,80,96,78,40,5,85
Players,1630205,Lamar Stevens,Lamar,1610612763,MEM,27.0,1,0,1,0.0,0.018333333333333333,0.0,0.0,0.0,0.0,0.0,0.0,0.0,0.0,0.0,0.0,0.0,0.0,0.0,0.0,0.0,0.0,0.0,1963.6,0.0,0.0,-1963.6,0.0,0,0,0.0,100,84,71,84,127,70,92,70,47,70,47,49,51,49,43,69,77,49,45,26,29,31,1,60,80,129,107,40,5,107
Players,2544,LeBron James,LeBron,1610612747,LAL,40.0,3,0,3,0.0,10.5,3.4,13.7,0.25,3.4,10.3,0.333,0.0,0.0,0.0,0.0,0.0,0.0,3.4,3.4,0.0,6.9,0.0,3.4,3.4,10.3,-68.6,32.6,2,0,30.9,56,84,19,84,45,58,39,60,23,23,30,49,51,49,43,69,77,31,24,26,2,31,50,45,63,110,46,12,5,48
Players,1629652,Luguentz Dort,Luguentz,1610612760,OKC,26.0,9,5,4,0.556,32.14,0.0,3.4,0.0,0.0,3.4,0.0,3.4,6.7,0.5,2.2,2.2,4.5,1.1,0.0,2.2,2.2,0.0,9.0,4.5,3.4,2.2,23.9,0,0,17.9,15,17,1,42,16,70,90,70,47,56,47,36,28,38,27,65,62,47,45,13,12,31,19,34,78,45,65,40,5,77
Players,1629029,Luka Dončić,Luka,1610612747,LAL,26.0,3,0,3,0.0,10.5,3.4,17.1,0.2,0.0,6.9,0.0,0.0,0.0,0.0,0.0,3.4,3.4,6.9,0.0,0.0,0.0,0.0,3.4,3.4,6.9,-68.6,21.3,0,0,17.1,56,84,19,84,45,58,27,65,47,35,47,49,51,49,43,58,67,18,45,26,29,31,50,45,73,110,73,40,5,81
Players,1628379,Luke Kennard,Luke,1610612763,MEM,29.0,2,0,2,0.0,5.351666666666667,0.0,6.7,0.0,0.0,0.0,0.0,0.0,0.0,0.0,6.7,6.7,13.5,0.0,0.0,0.0,0.0,0.0,6.7,0.0,0.0,-40.4,16.1,0,0,13.5,76,84,43,84,81,70,77,70,47,70,47,49,51,49,9,28,17,49,45,26,29,31,27,60,80,92,86,40,5,91
Players,1627736,Malik Beasley,Malik,1610612765,DET,28.0,5,2,3,0.4,4.448333333333333,0.0,16.2,0.0,0.0,16.2,0.0,0.0,0.0,0.0,0.0,0.0,0.0,0.0,8.1,0.0,0.0,0.0,8.1,0.0,0.0,24.3,-8.1,0,0,0.0,26,38,19,64,84,70,33,70,47,9,47,49,51,49,43,69,77,49,7,26,29,31,23,60,80,24,129,40,5,107
Players,1629622,Max Strus,Max,1610612739,CLE,29.0,3,1,2,0.333,6.71,10.7,21.5,0.5,5.4,10.7,0.5,10.7,10.7,1.0,0.0,0.0,0.0,5.4,5.4,0.0,0.0,5.4,0.0,5.4,37.6,42.9,40.2,0,0,48.3,56,53,43,70,66,16,14,29,13,20,24,11,14,1,43,69,77,22,12,26,29,7,77,27,10,17,31,40,5,23
Players,1628467,Maxi Kleber,Maxi,1610612747,LAL,33.0,1,0,1,0.0,1.75,0.0,0.0,0.0,0.0,0.0,0.0,0.0,0.0,0.0,0.0,0.0,0.0,0.0,20.6,0.0,0.0,0.0,0.0,20.6,0.0,-41.1,-20.6,0,0,0.0,100,84,71,84,108,70,92,70,47,70,47,49,51,49,43,69,77,49,2,26,29,31,77,4,80,93,131,40,5,107
Players,1629008,Michael Porter Jr.,Michael,1610612743,DEN,26.0,5,2,3,0.4,20.285,3.5,7.1,0.5,3.5,5.3,0.667,1.8,3.5,0.5,1.8,8.9,10.6,0.0,1.8,0.0,0.0,0.0,1.8,3.5,12.4,-1.8,23.4,1,0,26.6,26,38,19,64,25,56,73,29,22,45,18,46,39,38,34,16,26,49,35,26,29,31,68,41,50,56,67,21,5,56
Players,1628969,Mikal Bridges,Mikal,1610612752,NYK,28.0,11,7,4,0.636,49.28,3.7,8.8,0.417,0.7,2.9,0.25,1.5,1.5,1.0,1.5,5.8,7.3,0.0,0.7,2.9,0.7,0.7,1.5,0.7,9.5,13.1,28.5,0,0,24.8,1,6,1,33,1,53,65,46,46,61,40,47,50,1,36,32,39,49,44,10,28,30,72,59,67,38,58,40,5,60
Players,201144,Mike Conley,Mike,1610612750,MIN,37.0,2,2,0,1.0,3.7716666666666665,9.5,19.1,0.5,9.5,19.1,0.5,0.0,0.0,0.0,0.0,0.0,0.0,9.5,0.0,0.0,0.0,0.0,19.1,0.0,28.6,133.6,43.0,0,0,47.7,76,38,124,1,91,20,23,29,9,5,24,49,51,49,43,69,77,11,45,26,29,31,8,60,19,5,26,40,5,24
Players,1630540,Miles McBride,Miles,1610612752,NYK,24.0,9,6,3,0.667,9.148333333333333,0.0,3.9,0.0,0.0,3.9,0.0,7.9,15.7,0.5,0.0,7.9,7.9,0.0,0.0,0.0,0.0,0.0,0.0,7.9,7.9,-43.3,17.3,0,0,15.7,15,10,19,27,55,70,87,70,47,52,47,15,9,38,43,22,37,49,45,26,29,31,77,16,70,94,83,40,5,86
Players,1629011,Mitchell Robinson,Mitchell,1610612752,NYK,27.0,11,7,4,0.636,6.931666666666667,0.0,0.0,0.0,0.0,0.0,0.0,0.0,0.0,0.0,5.2,5.2,10.4,0.0,0.0,0.0,0.0,0.0,0.0,15.6,0.0,-46.7,12.5,1,0,10.4,1,6,1,33,62,70,92,70,47,70,47,49,51,49,13,37,28,49,45,26,29,31,77,6,80,95,95,21,5,99
Players,1630541,Moses Moody,Moses,1610612744,GSW,23.0,1,1,0,1.0,0.25,144.0,144.0,1.0,144.0,144.0,1.0,0.0,0.0,0.0,0.0,0.0,0.0,0.0,0.0,0.0,0.0,0.0,0.0,0.0,432.0,432.0,432.0,0,0,576.0,100,53,124,1,123,1,1,1,1,1,1,49,51,49,43,69,77,49,45,26,29,31,77,60,1,1,2,40,5,2
Players,1626167,Myles Turner,Myles,1610612754,IND,29.0,11,9,2,0.818,31.44333333333333,2.3,11.4,0.2,1.1,9.2,0.125,6.9,6.9,1.0,2.3,4.6,6.9,0.0,1.1,0.0,2.3,0.0,2.3,4.6,12.6,21.8,26.6,1,0,25.2,1,1,43,10,17,68,51,65,42,27,46,19,26,1,26,43,45,49,37,26,11,31,60,32,49,27,61,21,5,59
Players,1629675,Naz Reid,Naz,1610612750,MIN,25.0,4,3,1,0.75,7.336666666666667,14.7,19.6,0.75,14.7,14.7,1.0,9.8,9.8,1.0,0.0,4.9,4.9,4.9,0.0,0.0,0.0,4.9,0.0,9.8,54.0,98.1,67.2,0,0,78.5,39,29,71,19,59,7,20,16,5,13,1,13,17,1,43,42,60,26,45,26,29,10,77,12,5,8,9,40,5,6
Players,1629638,Nickeil Alexander-Walker,Nickeil,1610612750,MIN,26.0,3,2,1,0.667,5.491666666666666,0.0,13.1,0.0,0.0,6.6,0.0,0.0,0.0,0.0,6.6,0.0,6.6,6.6,0.0,0.0,0.0,6.6,26.2,0.0,0.0,-39.3,17.7,0,0,13.1,56,38,71,27,79,70,43,70,47,38,47,49,51,49,10,69,47,19,45,26,29,3,7,60,80,91,81,40,5,93
Players,201587,Nicolas Batum,Nicolas,1610612746,LAC,36.0,2,1,1,0.5,2.9716666666666667,12.1,24.2,0.5,12.1,24.2,0.5,0.0,0.0,0.0,0.0,0.0,0.0,12.1,12.1,0.0,0.0,0.0,0.0,0.0,36.3,48.5,42.4,0,0,60.6,76,53,71,44,96,13,11,29,6,3,24,49,51,49,43,69,77,4,4,26,29,31,77,60,12,15,29,40,5,10
Players,203999,Nikola Jokić,Nikola,1610612743,DEN,30.0,8,4,4,0.5,35.071666666666665,7.2,19.5,0.368,2.1,8.2,0.25,10.3,16.4,0.625,2.1,5.1,7.2,5.1,3.1,3.1,0.0,1.0,2.1,10.3,26.7,-1.0,49.2,7,1,47.2,18,20,1,44,13,28,21,49,33,30,40,12,8,37,30,38,41,23,26,9,29,22,64,10,22,55,21,1,1,25
Players,1631107,Nikola Jović,Nikola,1610612748,MIA,22.0,1,0,1,0.0,4.155,0.0,17.3,0.0,0.0,17.3,0.0,0.0,0.0,0.0,0.0,8.7,8.7,8.7,8.7,0.0,0.0,0.0,0.0,0.0,0.0,-60.6,14.7,0,0,17.3,100,84,71,84,85,70,26,70,47,7,47,49,51,49,43,18,34,13,6,26,29,31,77,60,80,102,90,40,5,79
Players,1626181,Norman Powell,Norman,1610612746,LAC,32.0,4,2,2,0.5,16.046666666666667,6.7,9.0,0.75,6.7,6.7,1.0,0.0,0.0,0.0,0.0,2.2,2.2,2.2,2.2,2.2,0.0,0.0,6.7,0.0,20.2,9.0,30.7,0,0,35.9,39,38,43,44,34,31,64,16,11,37,1,49,51,49,43,64,73,42,31,12,29,31,26,60,32,41,52,40,5,39
Players,1628384,OG Anunoby,OG,1610612752,NYK,27.0,11,7,4,0.636,48.791666666666664,3.0,5.2,0.571,1.5,2.2,0.667,2.2,3.0,0.75,0.7,2.2,3.0,1.5,0.7,2.2,0.7,0.7,3.7,1.5,9.6,14.0,23.5,0,0,21.4,1,6,1,33,2,62,82,26,40,64,18,41,42,32,42,66,71,46,43,14,27,29,45,58,66,36,66,40,5,69
Players,1630167,Obi Toppin,Obi,1610612754,IND,27.0,6,5,1,0.833,9.411666666666667,11.5,15.3,0.75,0.0,0.0,0.0,0.0,0.0,0.0,7.7,7.7,15.3,0.0,0.0,3.8,0.0,0.0,3.8,0.0,23.0,42.1,52.8,0,0,45.9,23,17,71,9,53,14,35,16,47,70,47,49,51,49,7,24,14,49,45,8,29,31,44,60,24,18,17,40,5,26
Players,1631094,Paolo Banchero,Paolo,1610612753,ORL,22.0,2,1,1,0.5,6.35,0.0,17.0,0.0,0.0,5.7,0.0,11.3,11.3,1.0,0.0,5.7,5.7,0.0,0.0,0.0,0.0,0.0,5.7,5.7,11.3,-28.3,18.1,0,0,17.0,76,53,71,44,72,70,29,70,47,42,47,9,12,1,43,34,55,49,45,26,29,31,33,24,54,84,79,40,5,84
Players,1627783,Pascal Siakam,Pascal,1610612754,IND,31.0,10,8,2,0.8,35.91166666666667,6.0,11.0,0.545,1.0,3.0,0.333,2.0,3.0,0.667,1.0,4.0,5.0,1.0,0.0,1.0,1.0,0.0,4.0,2.0,15.0,11.0,28.6,2,0,26.1,9,5,43,14,9,36,56,28,45,58,30,44,41,35,40,51,57,48,45,24,24,31,43,56,44,39,57,12,5,58
Players,1630194,Paul Reed,Paul,1610612765,DET,26.0,1,0,1,0.0,0.37666666666666665,0.0,0.0,0.0,0.0,0.0,0.0,0.0,0.0,0.0,0.0,95.6,95.6,0.0,0.0,0.0,0.0,0.0,0.0,0.0,0.0,95.6,114.7,0,0,95.6,100,84,71,84,120,70,92,70,47,70,47,49,51,49,43,2,2,49,45,26,29,31,77,60,80,9,4,40,5,5
Players,1630202,Payton Pritchard,Payton,1610612738,BOS,27.0,2,1,1,0.5,4.928333333333334,0.0,0.0,0.0,0.0,0.0,0.0,0.0,0.0,0.0,0.0,0.0,0.0,0.0,7.3,0.0,0.0,0.0,0.0,0.0,0.0,-7.3,-7.3,0,0,0.0,76,53,71,44,83,70,92,70,47,70,47,49,51,49,43,69,77,49,8,26,29,31,77,60,80,66,128,40,5,107
Players,1631212,Peyton Watson,Peyton,1610612743,DEN,22.0,4,3,1,0.75,0.29833333333333334,0.0,0.0,0.0,0.0,0.0,0.0,0.0,0.0,0.0,0.0,0.0,0.0,0.0,0.0,0.0,0.0,0.0,0.0,0.0,0.0,-603.4,0.0,0,0,0.0,39,29,71,19,122,70,92,70,47,70,47,49,51,49,43,69,77,49,45,26,29,31,77,60,80,126,107,40,5,107
Players,1641842,Ronald Holland II,Ronald,1610612765,DET,19.0,1,0,1,0.0,0.04666666666666667,0.0,0.0,0.0,0.0,0.0,0.0,0.0,0.0,0.0,0.0,0.0,0.0,0.0,0.0,0.0,0.0,0.0,0.0,0.0,0.0,-771.4,0.0,0,0,0.0,100,84,71,84,125,70,92,70,47,70,47,49,51,49,43,69,77,49,45,26,29,31,77,60,80,127,107,40,5,107
Players,203497,Rudy Gobert,Rudy,1610612750,MIN,33.0,5,4,1,0.8,10.051666666666666,7.2,10.7,0.667,0.0,0.0,0.0,3.6,3.6,1.0,10.7,3.6,14.3,3.6,3.6,0.0,0.0,0.0,3.6,3.6,17.9,3.6,36.9,1,0,35.8,26,20,71,14,49,29,57,20,47,70,47,35,38,1,4,55,15,30,23,26,29,31,47,40,38,44,40,21,5,40
Players,1629060,Rui Hachimura,Rui,1610612747,LAL,27.0,3,0,3,0.0,10.5,3.4,6.9,0.5,3.4,6.9,0.5,0.0,0.0,0.0,3.4,0.0,3.4,0.0,0.0,0.0,0.0,0.0,10.3,0.0,10.3,-68.6,14.4,0,0,17.1,56,84,19,84,45,58,76,29,23,35,24,49,51,49,22,69,67,49,45,26,29,31,17,60,63,110,92,40,5,81
Players,201566,Russell Westbrook,Russell,1610612743,DEN,36.0,6,3,3,0.5,14.998333333333333,7.2,26.4,0.273,2.4,14.4,0.167,2.4,4.8,0.5,9.6,2.4,12.0,2.4,2.4,0.0,0.0,2.4,7.2,2.4,19.2,4.8,34.8,1,0,36.0,23,29,19,44,36,27,9,59,30,14,44,40,35,38,5,63,22,39,30,26,29,19,24,52,35,42,43,21,5,38
Players,1630241,Sam Merrill,Sam,1610612739,CLE,29.0,1,0,1,0.0,0.855,0.0,0.0,0.0,0.0,0.0,0.0,0.0,0.0,0.0,0.0,0.0,0.0,0.0,0.0,0.0,0.0,0.0,0.0,0.0,0.0,-210.5,0.0,0,0,0.0,100,84,71,84,115,70,92,70,47,70,47,49,51,49,43,69,77,49,45,26,29,31,77,60,80,125,107,40,5,107
Players,1630583,Santi Aldama,Santi,1610612763,MEM,24.0,2,0,2,0.0,6.943333333333333,5.2,10.4,0.5,5.2,10.4,0.5,0.0,0.0,0.0,0.0,0.0,0.0,0.0,0.0,0.0,0.0,0.0,5.2,0.0,15.6,-31.1,15.6,0,0,20.7,76,84,43,84,61,45,59,29,15,21,24,49,51,49,43,69,77,49,45,26,29,31,38,60,41,89,88,40,5,72
Players,1630590,Scotty Pippen Jr.,Scotty,1610612763,MEM,24.0,2,0,2,0.0,5.668333333333333,12.7,12.7,1.0,6.4,6.4,1.0,0.0,0.0,0.0,0.0,6.4,6.4,0.0,12.7,6.4,0.0,0.0,12.7,6.4,31.8,-12.7,45.7,1,0,57.2,76,84,43,84,78,11,46,1,12,40,1,49,51,49,43,30,49,49,3,3,29,31,13,20,17,71,24,21,5,17
Players,1628983,Shai Gilgeous-Alexander,Shai,1610612760,OKC,26.0,10,6,4,0.6,35.37,14.2,28.5,0.5,2.0,7.1,0.286,16.3,17.3,0.941,1.0,3.1,4.1,5.1,4.1,0.0,1.0,1.0,0.0,11.2,46.8,17.3,58.3,3,0,60.1,9,10,1,37,11,9,8,29,34,33,38,5,6,27,38,59,65,24,20,26,22,24,77,8,8,31,15,4,5,11
Players,201939,Stephen Curry,Stephen,1610612744,GSW,37.0,3,3,0,1.0,6.316666666666666,0.0,17.1,0.0,0.0,11.4,0.0,0.0,0.0,0.0,0.0,0.0,0.0,17.1,0.0,0.0,0.0,0.0,0.0,0.0,0.0,68.4,25.6,0,0,17.1,56,29,124,1,76,70,28,70,47,18,47,49,51,49,43,69,77,3,45,26,29,31,77,60,80,13,64,40,5,83
Players,203500,Steven Adams,Steven,1610612745,HOU,31.0,1,0,1,0.0,2.1883333333333335,0.0,0.0,0.0,0.0,0.0,0.0,0.0,0.0,0.0,0.0,0.0,0.0,0.0,0.0,0.0,16.5,0.0,0.0,32.9,0.0,0.0,49.4,0,0,32.9,100,84,71,84,103,70,92,70,47,70,47,49,51,49,43,69,77,49,45,26,1,31,77,2,80,46,20,40,5,45
Players,1631106,Tari Eason,Tari,1610612745,HOU,24.0,2,0,2,0.0,0.745,0.0,0.0,0.0,0.0,0.0,0.0,0.0,0.0,0.0,0.0,48.3,48.3,0.0,0.0,0.0,0.0,0.0,0.0,0.0,0.0,0.0,58.0,0,0,48.3,76,84,43,84,116,70,92,70,47,70,47,49,51,49,43,3,3,49,45,26,29,31,77,60,80,46,16,40,5,22
Players,1630545,Terrence Shannon Jr.,Terrence,1610612750,MIN,24.0,1,0,1,0.0,0.018333333333333333,0.0,0.0,0.0,0.0,0.0,0.0,0.0,0.0,0.0,0.0,0.0,0.0,0.0,0.0,0.0,0.0,0.0,1963.6,0.0,0.0,-1963.6,0.0,0,0,0.0,100,84,71,84,127,70,92,70,47,70,47,49,51,49,43,69,77,49,45,26,29,31,1,60,80,129,107,40,5,107
Players,1628418,Thomas Bryant,Thomas,1610612754,IND,27.0,1,1,0,1.0,0.006666666666666667,0.0,0.0,0.0,0.0,0.0,0.0,0.0,0.0,0.0,0.0,5400.0,5400.0,0.0,0.0,0.0,0.0,0.0,0.0,0.0,0.0,0.0,6480.0,0,0,5400.0,100,53,124,1,130,70,92,70,47,70,47,49,51,49,43,1,1,49,45,26,29,31,77,60,80,46,1,40,5,1
Players,203501,Tim Hardaway Jr.,Tim,1610612765,DET,33.0,4,1,3,0.25,16.566666666666666,6.5,13.0,0.5,2.2,6.5,0.333,0.0,0.0,0.0,2.2,4.3,6.5,0.0,2.2,0.0,0.0,0.0,2.2,0.0,15.2,-2.2,20.9,0,0,23.9,39,53,19,75,33,34,44,29,31,39,30,49,51,49,28,45,48,49,32,26,29,31,61,60,42,60,75,40,5,62
Players,202699,Tobias Harris,Tobias,1610612765,DET,32.0,5,2,3,0.4,20.235,3.6,3.6,1.0,1.8,1.8,1.0,0.0,0.0,0.0,0.0,3.6,3.6,0.0,1.8,0.0,1.8,0.0,3.6,0.0,8.9,-19.6,16.7,1,0,17.8,26,38,19,64,26,55,89,1,37,67,1,49,51,49,43,56,66,49,34,26,17,31,48,60,68,74,85,21,5,78
Players,1631218,Trayce Jackson-Davis,Trayce,1610612744,GSW,25.0,1,0,1,0.0,0.08833333333333333,0.0,0.0,0.0,0.0,0.0,0.0,0.0,0.0,0.0,0.0,0.0,0.0,0.0,0.0,0.0,0.0,0.0,0.0,0.0,0.0,0.0,0.0,0,0,0.0,100,84,71,84,124,70,92,70,47,70,47,49,51,49,43,69,77,49,45,26,29,31,77,60,80,46,107,40,5,107
Players,1629660,Ty Jerome,Ty,1610612739,CLE,27.0,4,1,3,0.25,2.8316666666666666,0.0,12.7,0.0,0.0,0.0,0.0,0.0,0.0,0.0,0.0,12.7,12.7,0.0,0.0,0.0,0.0,12.7,12.7,0.0,0.0,-165.3,15.3,0,0,12.7,39,53,19,75,98,70,45,70,47,70,47,49,51,49,43,11,18,49,45,26,29,1,12,60,80,124,89,40,5,94
Players,1629639,Tyler Herro,Tyler,1610612748,MIA,25.0,1,0,1,0.0,4.155,17.3,34.7,0.5,0.0,8.7,0.0,0.0,0.0,0.0,0.0,0.0,0.0,0.0,0.0,0.0,0.0,0.0,0.0,0.0,34.7,-60.6,34.7,0,0,34.7,100,84,71,84,85,4,6,29,47,29,47,49,51,49,43,69,77,49,45,26,29,31,77,60,14,102,44,40,5,44
Players,1630169,Tyrese Haliburton,Tyrese,1610612754,IND,25.0,11,9,2,0.818,37.895,12.3,25.6,0.481,2.8,9.5,0.3,7.6,8.5,0.889,1.9,3.8,5.7,8.5,0.9,1.9,1.9,2.8,0.9,4.7,35.1,18.0,65.3,6,0,59.8,1,1,43,10,8,12,10,42,28,26,37,16,21,28,33,53,54,15,40,16,15,14,76,31,13,30,10,2,5,12
Players,1631246,Vince Williams Jr.,Vince,1610612763,MEM,24.0,1,0,1,0.0,1.885,0.0,0.0,0.0,0.0,0.0,0.0,0.0,0.0,0.0,0.0,19.1,19.1,0.0,0.0,0.0,0.0,0.0,0.0,0.0,0.0,-76.4,22.9,0,0,19.1,100,84,71,84,106,70,92,70,47,70,47,49,51,49,43,6,7,49,45,26,29,31,77,60,80,115,68,40,5,74
Players,1628976,Wendell Carter Jr.,Wendell,1610612753,ORL,26.0,2,1,1,0.5,6.35,5.7,11.3,0.5,0.0,0.0,0.0,0.0,0.0,0.0,5.7,11.3,17.0,0.0,0.0,0.0,0.0,0.0,0.0,0.0,11.3,-28.3,31.7,1,0,28.3,76,53,71,44,72,40,53,29,47,70,47,49,51,49,11,13,10,49,45,26,29,31,77,60,54,84,48,21,5,51
Players,1641744,Zach Edey,Zach,1610612763,MEM,23.0,1,0,1,0.0,1.2583333333333333,0.0,0.0,0.0,0.0,0.0,0.0,0.0,0.0,0.0,0.0,28.6,28.6,0.0,28.6,0.0,0.0,0.0,57.2,0.0,0.0,85.8,5.7,0,0,28.6,100,84,71,84,113,70,92,70,47,70,47,49,51,49,43,4,4,49,1,26,29,31,4,60,80,11,105,40,5,50
